,num__PassengerId,num__Pclass,num__Age,num__SibSp,num__Parch,num__Fare,onehotencoder__x0_female,onehotencoder__x0_male,onehotencoder__x1_C,onehotencoder__x1_Q,onehotencoder__x1_S
0,1.0,3.0,22.0,1.0,0.0,7.0,0.0,1.0,0.0,0.0,1.0
1,2.0,1.0,38.0,1.0,0.0,71.0,1.0,0.0,1.0,0.0,0.0
2,3.0,3.0,26.0,0.0,0.0,7.0,1.0,0.0,0.0,0.0,1.0
3,4.0,1.0,35.0,1.0,0.0,53.0,1.0,0.0,0.0,0.0,1.0
4,5.0,3.0,35.0,0.0,0.0,8.0,0.0,1.0,0.0,0.0,1.0
5,6.0,3.0,29.69911764705882,0.0,0.0,8.0,0.0,1.0,0.0,1.0,0.0
6,7.0,1.0,54.0,0.0,0.0,51.0,0.0,1.0,0.0,0.0,1.0
7,8.0,3.0,2.0,3.0,1.0,21.0,0.0,1.0,0.0,0.0,1.0
8,9.0,3.0,27.0,0.0,2.0,11.0,1.0,0.0,0.0,0.0,1.0
9,10.0,2.0,14.0,1.0,0.0,30.0,1.0,0.0,1.0,0.0,0.0
10,11.0,3.0,4.0,1.0,1.0,16.0,1.0,0.0,0.0,0.0,1.0
11,12.0,1.0,58.0,0.0,0.0,26.0,1.0,0.0,0.0,0.0,1.0
12,13.0,3.0,20.0,0.0,0.0,8.0,0.0,1.0,0.0,0.0,1.0
13,14.0,3.0,39.0,1.0,5.0,31.0,0.0,1.0,0.0,0.0,1.0
14,15.0,3.0,14.0,0.0,0.0,7.0,1.0,0.0,0.0,0.0,1.0
15,16.0,2.0,55.0,0.0,0.0,16.0,1.0,0.0,0.0,0.0,1.0
16,17.0,3.0,2.0,4.0,1.0,29.0,0.0,1.0,0.0,1.0,0.0
17,18.0,2.0,29.69911764705882,0.0,0.0,13.0,0.0,1.0,0.0,0.0,1.0
18,19.0,3.0,31.0,1.0,0.0,18.0,1.0,0.0,0.0,0.0,1.0
19,20.0,3.0,29.69911764705882,0.0,0.0,7.0,1.0,0.0,1.0,0.0,0.0
20,21.0,2.0,35.0,0.0,0.0,26.0,0.0,1.0,0.0,0.0,1.0
21,22.0,2.0,34.0,0.0,0.0,13.0,0.0,1.0,0.0,0.0,1.0
22,23.0,3.0,15.0,0.0,0.0,8.0,1.0,0.0,0.0,1.0,0.0
23,24.0,1.0,28.0,0.0,0.0,35.0,0.0,1.0,0.0,0.0,1.0
24,25.0,3.0,8.0,3.0,1.0,21.0,1.0,0.0,0.0,0.0,1.0
25,26.0,3.0,38.0,1.0,5.0,31.0,1.0,0.0,0.0,0.0,1.0
26,27.0,3.0,29.69911764705882,0.0,0.0,7.0,0.0,1.0,1.0,0.0,0.0
27,28.0,1.0,19.0,3.0,2.0,263.0,0.0,1.0,0.0,0.0,1.0
28,29.0,3.0,29.69911764705882,0.0,0.0,7.0,1.0,0.0,0.0,1.0,0.0
29,30.0,3.0,29.69911764705882,0.0,0.0,7.0,0.0,1.0,0.0,0.0,1.0
30,31.0,1.0,40.0,0.0,0.0,27.0,0.0,1.0,1.0,0.0,0.0
31,32.0,1.0,29.69911764705882,1.0,0.0,146.0,1.0,0.0,1.0,0.0,0.0
32,33.0,3.0,29.69911764705882,0.0,0.0,7.0,1.0,0.0,0.0,1.0,0.0
33,34.0,2.0,66.0,0.0,0.0,10.0,0.0,1.0,0.0,0.0,1.0
34,35.0,1.0,28.0,1.0,0.0,82.0,0.0,1.0,1.0,0.0,0.0
35,36.0,1.0,42.0,1.0,0.0,52.0,0.0,1.0,0.0,0.0,1.0
36,37.0,3.0,29.69911764705882,0.0,0.0,7.0,0.0,1.0,1.0,0.0,0.0
37,38.0,3.0,21.0,0.0,0.0,8.0,0.0,1.0,0.0,0.0,1.0
38,39.0,3.0,18.0,2.0,0.0,18.0,1.0,0.0,0.0,0.0,1.0
39,40.0,3.0,14.0,1.0,0.0,11.0,1.0,0.0,1.0,0.0,0.0
40,41.0,3.0,40.0,1.0,0.0,9.0,1.0,0.0,0.0,0.0,1.0
41,42.0,2.0,27.0,1.0,0.0,21.0,1.0,0.0,0.0,0.0,1.0
42,43.0,3.0,29.69911764705882,0.0,0.0,7.0,0.0,1.0,1.0,0.0,0.0
43,44.0,2.0,3.0,1.0,2.0,41.0,1.0,0.0,1.0,0.0,0.0
44,45.0,3.0,19.0,0.0,0.0,7.0,1.0,0.0,0.0,1.0,0.0
45,46.0,3.0,29.69911764705882,0.0,0.0,8.0,0.0,1.0,0.0,0.0,1.0
46,47.0,3.0,29.69911764705882,1.0,0.0,15.0,0.0,1.0,0.0,1.0,0.0
47,48.0,3.0,29.69911764705882,0.0,0.0,7.0,1.0,0.0,0.0,1.0,0.0
48,49.0,3.0,29.69911764705882,2.0,0.0,21.0,0.0,1.0,1.0,0.0,0.0
49,50.0,3.0,18.0,1.0,0.0,17.0,1.0,0.0,0.0,0.0,1.0
50,51.0,3.0,7.0,4.0,1.0,39.0,0.0,1.0,0.0,0.0,1.0
51,52.0,3.0,21.0,0.0,0.0,7.0,0.0,1.0,0.0,0.0,1.0
52,53.0,1.0,49.0,1.0,0.0,76.0,1.0,0.0,1.0,0.0,0.0
53,54.0,2.0,29.0,1.0,0.0,26.0,1.0,0.0,0.0,0.0,1.0
54,55.0,1.0,65.0,0.0,1.0,61.0,0.0,1.0,1.0,0.0,0.0
55,56.0,1.0,29.69911764705882,0.0,0.0,35.0,0.0,1.0,0.0,0.0,1.0
56,57.0,2.0,21.0,0.0,0.0,10.0,1.0,0.0,0.0,0.0,1.0
57,58.0,3.0,28.5,0.0,0.0,7.0,0.0,1.0,1.0,0.0,0.0
58,59.0,2.0,5.0,1.0,2.0,27.0,1.0,0.0,0.0,0.0,1.0
59,60.0,3.0,11.0,5.0,2.0,46.0,0.0,1.0,0.0,0.0,1.0
60,61.0,3.0,22.0,0.0,0.0,7.0,0.0,1.0,1.0,0.0,0.0
61,62.0,1.0,38.0,0.0,0.0,80.0,1.0,0.0,0.0,0.0,1.0
62,63.0,1.0,45.0,1.0,0.0,83.0,0.0,1.0,0.0,0.0,1.0
63,64.0,3.0,4.0,3.0,2.0,27.0,0.0,1.0,0.0,0.0,1.0
64,65.0,1.0,29.69911764705882,0.0,0.0,27.0,0.0,1.0,1.0,0.0,0.0
65,66.0,3.0,29.69911764705882,1.0,1.0,15.0,0.0,1.0,1.0,0.0,0.0
66,67.0,2.0,29.0,0.0,0.0,10.0,1.0,0.0,0.0,0.0,1.0
67,68.0,3.0,19.0,0.0,0.0,8.0,0.0,1.0,0.0,0.0,1.0
68,69.0,3.0,17.0,4.0,2.0,7.0,1.0,0.0,0.0,0.0,1.0
69,70.0,3.0,26.0,2.0,0.0,8.0,0.0,1.0,0.0,0.0,1.0
70,71.0,2.0,32.0,0.0,0.0,10.0,0.0,1.0,0.0,0.0,1.0
71,72.0,3.0,16.0,5.0,2.0,46.0,1.0,0.0,0.0,0.0,1.0
72,73.0,2.0,21.0,0.0,0.0,73.0,0.0,1.0,0.0,0.0,1.0
73,74.0,3.0,26.0,1.0,0.0,14.0,0.0,1.0,1.0,0.0,0.0
74,75.0,3.0,32.0,0.0,0.0,56.0,0.0,1.0,0.0,0.0,1.0
75,76.0,3.0,25.0,0.0,0.0,7.0,0.0,1.0,0.0,0.0,1.0
76,77.0,3.0,29.69911764705882,0.0,0.0,7.0,0.0,1.0,0.0,0.0,1.0
77,78.0,3.0,29.69911764705882,0.0,0.0,8.0,0.0,1.0,0.0,0.0,1.0
78,79.0,2.0,0.83,0.0,2.0,29.0,0.0,1.0,0.0,0.0,1.0
79,80.0,3.0,30.0,0.0,0.0,12.0,1.0,0.0,0.0,0.0,1.0
80,81.0,3.0,22.0,0.0,0.0,9.0,0.0,1.0,0.0,0.0,1.0
81,82.0,3.0,29.0,0.0,0.0,9.0,0.0,1.0,0.0,0.0,1.0
82,83.0,3.0,29.69911764705882,0.0,0.0,7.0,1.0,0.0,0.0,1.0,0.0
83,84.0,1.0,28.0,0.0,0.0,47.0,0.0,1.0,0.0,0.0,1.0
84,85.0,2.0,17.0,0.0,0.0,10.0,1.0,0.0,0.0,0.0,1.0
85,86.0,3.0,33.0,3.0,0.0,15.0,1.0,0.0,0.0,0.0,1.0
86,87.0,3.0,16.0,1.0,3.0,34.0,0.0,1.0,0.0,0.0,1.0
87,88.0,3.0,29.69911764705882,0.0,0.0,8.0,0.0,1.0,0.0,0.0,1.0
88,89.0,1.0,23.0,3.0,2.0,263.0,1.0,0.0,0.0,0.0,1.0
89,90.0,3.0,24.0,0.0,0.0,8.0,0.0,1.0,0.0,0.0,1.0
90,91.0,3.0,29.0,0.0,0.0,8.0,0.0,1.0,0.0,0.0,1.0
91,92.0,3.0,20.0,0.0,0.0,7.0,0.0,1.0,0.0,0.0,1.0
92,93.0,1.0,46.0,1.0,0.0,61.0,0.0,1.0,0.0,0.0,1.0
93,94.0,3.0,26.0,1.0,2.0,20.0,0.0,1.0,0.0,0.0,1.0
94,95.0,3.0,59.0,0.0,0.0,7.0,0.0,1.0,0.0,0.0,1.0
95,96.0,3.0,29.69911764705882,0.0,0.0,8.0,0.0,1.0,0.0,0.0,1.0
96,97.0,1.0,71.0,0.0,0.0,34.0,0.0,1.0,1.0,0.0,0.0
97,98.0,1.0,23.0,0.0,1.0,63.0,0.0,1.0,1.0,0.0,0.0
98,99.0,2.0,34.0,0.0,1.0,23.0,1.0,0.0,0.0,0.0,1.0
99,100.0,2.0,34.0,1.0,0.0,26.0,0.0,1.0,0.0,0.0,1.0
100,101.0,3.0,28.0,0.0,0.0,7.0,1.0,0.0,0.0,0.0,1.0
101,102.0,3.0,29.69911764705882,0.0,0.0,7.0,0.0,1.0,0.0,0.0,1.0
102,103.0,1.0,21.0,0.0,1.0,77.0,0.0,1.0,0.0,0.0,1.0
103,104.0,3.0,33.0,0.0,0.0,8.0,0.0,1.0,0.0,0.0,1.0
104,105.0,3.0,37.0,2.0,0.0,7.0,0.0,1.0,0.0,0.0,1.0
105,106.0,3.0,28.0,0.0,0.0,7.0,0.0,1.0,0.0,0.0,1.0
106,107.0,3.0,21.0,0.0,0.0,7.0,1.0,0.0,0.0,0.0,1.0
107,108.0,3.0,29.69911764705882,0.0,0.0,7.0,0.0,1.0,0.0,0.0,1.0
108,109.0,3.0,38.0,0.0,0.0,7.0,0.0,1.0,0.0,0.0,1.0
109,110.0,3.0,29.69911764705882,1.0,0.0,24.0,1.0,0.0,0.0,1.0,0.0
110,111.0,1.0,47.0,0.0,0.0,52.0,0.0,1.0,0.0,0.0,1.0
111,112.0,3.0,14.5,1.0,0.0,14.0,1.0,0.0,1.0,0.0,0.0
112,113.0,3.0,22.0,0.0,0.0,8.0,0.0,1.0,0.0,0.0,1.0
113,114.0,3.0,20.0,1.0,0.0,9.0,1.0,0.0,0.0,0.0,1.0
114,115.0,3.0,17.0,0.0,0.0,14.0,1.0,0.0,1.0,0.0,0.0
115,116.0,3.0,21.0,0.0,0.0,7.0,0.0,1.0,0.0,0.0,1.0
116,117.0,3.0,70.5,0.0,0.0,7.0,0.0,1.0,0.0,1.0,0.0
117,118.0,2.0,29.0,1.0,0.0,21.0,0.0,1.0,0.0,0.0,1.0
118,119.0,1.0,24.0,0.0,1.0,247.0,0.0,1.0,1.0,0.0,0.0
119,120.0,3.0,2.0,4.0,2.0,31.0,1.0,0.0,0.0,0.0,1.0
120,121.0,2.0,21.0,2.0,0.0,73.0,0.0,1.0,0.0,0.0,1.0
121,122.0,3.0,29.69911764705882,0.0,0.0,8.0,0.0,1.0,0.0,0.0,1.0
122,123.0,2.0,32.5,1.0,0.0,30.0,0.0,1.0,1.0,0.0,0.0
123,124.0,2.0,32.5,0.0,0.0,13.0,1.0,0.0,0.0,0.0,1.0
124,125.0,1.0,54.0,0.0,1.0,77.0,0.0,1.0,0.0,0.0,1.0
125,126.0,3.0,12.0,1.0,0.0,11.0,0.0,1.0,1.0,0.0,0.0
126,127.0,3.0,29.69911764705882,0.0,0.0,7.0,0.0,1.0,0.0,1.0,0.0
127,128.0,3.0,24.0,0.0,0.0,7.0,0.0,1.0,0.0,0.0,1.0
128,129.0,3.0,29.69911764705882,1.0,1.0,22.0,1.0,0.0,1.0,0.0,0.0
129,130.0,3.0,45.0,0.0,0.0,6.0,0.0,1.0,0.0,0.0,1.0
130,131.0,3.0,33.0,0.0,0.0,7.0,0.0,1.0,1.0,0.0,0.0
131,132.0,3.0,20.0,0.0,0.0,7.0,0.0,1.0,0.0,0.0,1.0
132,133.0,3.0,47.0,1.0,0.0,14.0,1.0,0.0,0.0,0.0,1.0
133,134.0,2.0,29.0,1.0,0.0,26.0,1.0,0.0,0.0,0.0,1.0
134,135.0,2.0,25.0,0.0,0.0,13.0,0.0,1.0,0.0,0.0,1.0
135,136.0,2.0,23.0,0.0,0.0,15.0,0.0,1.0,1.0,0.0,0.0
136,137.0,1.0,19.0,0.0,2.0,26.0,1.0,0.0,0.0,0.0,1.0
137,138.0,1.0,37.0,1.0,0.0,53.0,0.0,1.0,0.0,0.0,1.0
138,139.0,3.0,16.0,0.0,0.0,9.0,0.0,1.0,0.0,0.0,1.0
139,140.0,1.0,24.0,0.0,0.0,79.0,0.0,1.0,1.0,0.0,0.0
140,141.0,3.0,29.69911764705882,0.0,2.0,15.0,1.0,0.0,1.0,0.0,0.0
141,142.0,3.0,22.0,0.0,0.0,7.0,1.0,0.0,0.0,0.0,1.0
142,143.0,3.0,24.0,1.0,0.0,15.0,1.0,0.0,0.0,0.0,1.0
143,144.0,3.0,19.0,0.0,0.0,6.0,0.0,1.0,0.0,1.0,0.0
144,145.0,2.0,18.0,0.0,0.0,11.0,0.0,1.0,0.0,0.0,1.0
145,146.0,2.0,19.0,1.0,1.0,36.0,0.0,1.0,0.0,0.0,1.0
146,147.0,3.0,27.0,0.0,0.0,7.0,0.0,1.0,0.0,0.0,1.0
147,148.0,3.0,9.0,2.0,2.0,34.0,1.0,0.0,0.0,0.0,1.0
148,149.0,2.0,36.5,0.0,2.0,26.0,0.0,1.0,0.0,0.0,1.0
149,150.0,2.0,42.0,0.0,0.0,13.0,0.0,1.0,0.0,0.0,1.0
150,151.0,2.0,51.0,0.0,0.0,12.0,0.0,1.0,0.0,0.0,1.0
151,152.0,1.0,22.0,1.0,0.0,66.0,1.0,0.0,0.0,0.0,1.0
152,153.0,3.0,55.5,0.0,0.0,8.0,0.0,1.0,0.0,0.0,1.0
153,154.0,3.0,40.5,0.0,2.0,14.0,0.0,1.0,0.0,0.0,1.0
154,155.0,3.0,29.69911764705882,0.0,0.0,7.0,0.0,1.0,0.0,0.0,1.0
155,156.0,1.0,51.0,0.0,1.0,61.0,0.0,1.0,1.0,0.0,0.0
156,157.0,3.0,16.0,0.0,0.0,7.0,1.0,0.0,0.0,1.0,0.0
157,158.0,3.0,30.0,0.0,0.0,8.0,0.0,1.0,0.0,0.0,1.0
158,159.0,3.0,29.69911764705882,0.0,0.0,8.0,0.0,1.0,0.0,0.0,1.0
159,160.0,3.0,29.69911764705882,8.0,2.0,69.0,0.0,1.0,0.0,0.0,1.0
160,161.0,3.0,44.0,0.0,1.0,16.0,0.0,1.0,0.0,0.0,1.0
161,162.0,2.0,40.0,0.0,0.0,15.0,1.0,0.0,0.0,0.0,1.0
162,163.0,3.0,26.0,0.0,0.0,7.0,0.0,1.0,0.0,0.0,1.0
163,164.0,3.0,17.0,0.0,0.0,8.0,0.0,1.0,0.0,0.0,1.0
164,165.0,3.0,1.0,4.0,1.0,39.0,0.0,1.0,0.0,0.0,1.0
165,166.0,3.0,9.0,0.0,2.0,20.0,0.0,1.0,0.0,0.0,1.0
166,167.0,1.0,29.69911764705882,0.0,1.0,55.0,1.0,0.0,0.0,0.0,1.0
167,168.0,3.0,45.0,1.0,4.0,27.0,1.0,0.0,0.0,0.0,1.0
168,169.0,1.0,29.69911764705882,0.0,0.0,25.0,0.0,1.0,0.0,0.0,1.0
169,170.0,3.0,28.0,0.0,0.0,56.0,0.0,1.0,0.0,0.0,1.0
170,171.0,1.0,61.0,0.0,0.0,33.0,0.0,1.0,0.0,0.0,1.0
171,172.0,3.0,4.0,4.0,1.0,29.0,0.0,1.0,0.0,1.0,0.0
172,173.0,3.0,1.0,1.0,1.0,11.0,1.0,0.0,0.0,0.0,1.0
173,174.0,3.0,21.0,0.0,0.0,7.0,0.0,1.0,0.0,0.0,1.0
174,175.0,1.0,56.0,0.0,0.0,30.0,0.0,1.0,1.0,0.0,0.0
175,176.0,3.0,18.0,1.0,1.0,7.0,0.0,1.0,0.0,0.0,1.0
176,177.0,3.0,29.69911764705882,3.0,1.0,25.0,0.0,1.0,0.0,0.0,1.0
177,178.0,1.0,50.0,0.0,0.0,28.0,1.0,0.0,1.0,0.0,0.0
178,179.0,2.0,30.0,0.0,0.0,13.0,0.0,1.0,0.0,0.0,1.0
179,180.0,3.0,36.0,0.0,0.0,0.0,0.0,1.0,0.0,0.0,1.0
180,181.0,3.0,29.69911764705882,8.0,2.0,69.0,1.0,0.0,0.0,0.0,1.0
181,182.0,2.0,29.69911764705882,0.0,0.0,15.0,0.0,1.0,1.0,0.0,0.0
182,183.0,3.0,9.0,4.0,2.0,31.0,0.0,1.0,0.0,0.0,1.0
183,184.0,2.0,1.0,2.0,1.0,39.0,0.0,1.0,0.0,0.0,1.0
184,185.0,3.0,4.0,0.0,2.0,22.0,1.0,0.0,0.0,0.0,1.0
185,186.0,1.0,29.69911764705882,0.0,0.0,50.0,0.0,1.0,0.0,0.0,1.0
186,187.0,3.0,29.69911764705882,1.0,0.0,15.0,1.0,0.0,0.0,1.0,0.0
187,188.0,1.0,45.0,0.0,0.0,26.0,0.0,1.0,0.0,0.0,1.0
188,189.0,3.0,40.0,1.0,1.0,15.0,0.0,1.0,0.0,1.0,0.0
189,190.0,3.0,36.0,0.0,0.0,7.0,0.0,1.0,0.0,0.0,1.0
190,191.0,2.0,32.0,0.0,0.0,13.0,1.0,0.0,0.0,0.0,1.0
191,192.0,2.0,19.0,0.0,0.0,13.0,0.0,1.0,0.0,0.0,1.0
192,193.0,3.0,19.0,1.0,0.0,7.0,1.0,0.0,0.0,0.0,1.0
193,194.0,2.0,3.0,1.0,1.0,26.0,0.0,1.0,0.0,0.0,1.0
194,195.0,1.0,44.0,0.0,0.0,27.0,1.0,0.0,1.0,0.0,0.0
195,196.0,1.0,58.0,0.0,0.0,146.0,1.0,0.0,1.0,0.0,0.0
196,197.0,3.0,29.69911764705882,0.0,0.0,7.0,0.0,1.0,0.0,1.0,0.0
197,198.0,3.0,42.0,0.0,1.0,8.0,0.0,1.0,0.0,0.0,1.0
198,199.0,3.0,29.69911764705882,0.0,0.0,7.0,1.0,0.0,0.0,1.0,0.0
199,200.0,2.0,24.0,0.0,0.0,13.0,1.0,0.0,0.0,0.0,1.0
200,201.0,3.0,28.0,0.0,0.0,9.0,0.0,1.0,0.0,0.0,1.0
201,202.0,3.0,29.69911764705882,8.0,2.0,69.0,0.0,1.0,0.0,0.0,1.0
202,203.0,3.0,34.0,0.0,0.0,6.0,0.0,1.0,0.0,0.0,1.0
203,204.0,3.0,45.5,0.0,0.0,7.0,0.0,1.0,1.0,0.0,0.0
204,205.0,3.0,18.0,0.0,0.0,8.0,0.0,1.0,0.0,0.0,1.0
205,206.0,3.0,2.0,0.0,1.0,10.0,1.0,0.0,0.0,0.0,1.0
206,207.0,3.0,32.0,1.0,0.0,15.0,0.0,1.0,0.0,0.0,1.0
207,208.0,3.0,26.0,0.0,0.0,18.0,0.0,1.0,1.0,0.0,0.0
208,209.0,3.0,16.0,0.0,0.0,7.0,1.0,0.0,0.0,1.0,0.0
209,210.0,1.0,40.0,0.0,0.0,31.0,0.0,1.0,1.0,0.0,0.0
210,211.0,3.0,24.0,0.0,0.0,7.0,0.0,1.0,0.0,0.0,1.0
211,212.0,2.0,35.0,0.0,0.0,21.0,1.0,0.0,0.0,0.0,1.0
212,213.0,3.0,22.0,0.0,0.0,7.0,0.0,1.0,0.0,0.0,1.0
213,214.0,2.0,30.0,0.0,0.0,13.0,0.0,1.0,0.0,0.0,1.0
214,215.0,3.0,29.69911764705882,1.0,0.0,7.0,0.0,1.0,0.0,1.0,0.0
215,216.0,1.0,31.0,1.0,0.0,113.0,1.0,0.0,1.0,0.0,0.0
216,217.0,3.0,27.0,0.0,0.0,7.0,1.0,0.0,0.0,0.0,1.0
217,218.0,2.0,42.0,1.0,0.0,27.0,0.0,1.0,0.0,0.0,1.0
218,219.0,1.0,32.0,0.0,0.0,76.0,1.0,0.0,1.0,0.0,0.0
219,220.0,2.0,30.0,0.0,0.0,10.0,0.0,1.0,0.0,0.0,1.0
220,221.0,3.0,16.0,0.0,0.0,8.0,0.0,1.0,0.0,0.0,1.0
221,222.0,2.0,27.0,0.0,0.0,13.0,0.0,1.0,0.0,0.0,1.0
222,223.0,3.0,51.0,0.0,0.0,8.0,0.0,1.0,0.0,0.0,1.0
223,224.0,3.0,29.69911764705882,0.0,0.0,7.0,0.0,1.0,0.0,0.0,1.0
224,225.0,1.0,38.0,1.0,0.0,90.0,0.0,1.0,0.0,0.0,1.0
225,226.0,3.0,22.0,0.0,0.0,9.0,0.0,1.0,0.0,0.0,1.0
226,227.0,2.0,19.0,0.0,0.0,10.0,0.0,1.0,0.0,0.0,1.0
227,228.0,3.0,20.5,0.0,0.0,7.0,0.0,1.0,0.0,0.0,1.0
228,229.0,2.0,18.0,0.0,0.0,13.0,0.0,1.0,0.0,0.0,1.0
229,230.0,3.0,29.69911764705882,3.0,1.0,25.0,1.0,0.0,0.0,0.0,1.0
230,231.0,1.0,35.0,1.0,0.0,83.0,1.0,0.0,0.0,0.0,1.0
231,232.0,3.0,29.0,0.0,0.0,7.0,0.0,1.0,0.0,0.0,1.0
232,233.0,2.0,59.0,0.0,0.0,13.0,0.0,1.0,0.0,0.0,1.0
233,234.0,3.0,5.0,4.0,2.0,31.0,1.0,0.0,0.0,0.0,1.0
234,235.0,2.0,24.0,0.0,0.0,10.0,0.0,1.0,0.0,0.0,1.0
235,236.0,3.0,29.69911764705882,0.0,0.0,7.0,1.0,0.0,0.0,0.0,1.0
236,237.0,2.0,44.0,1.0,0.0,26.0,0.0,1.0,0.0,0.0,1.0
237,238.0,2.0,8.0,0.0,2.0,26.0,1.0,0.0,0.0,0.0,1.0
238,239.0,2.0,19.0,0.0,0.0,10.0,0.0,1.0,0.0,0.0,1.0
239,240.0,2.0,33.0,0.0,0.0,12.0,0.0,1.0,0.0,0.0,1.0
240,241.0,3.0,29.69911764705882,1.0,0.0,14.0,1.0,0.0,1.0,0.0,0.0
241,242.0,3.0,29.69911764705882,1.0,0.0,15.0,1.0,0.0,0.0,1.0,0.0
242,243.0,2.0,29.0,0.0,0.0,10.0,0.0,1.0,0.0,0.0,1.0
243,244.0,3.0,22.0,0.0,0.0,7.0,0.0,1.0,0.0,0.0,1.0
244,245.0,3.0,30.0,0.0,0.0,7.0,0.0,1.0,1.0,0.0,0.0
245,246.0,1.0,44.0,2.0,0.0,90.0,0.0,1.0,0.0,1.0,0.0
246,247.0,3.0,25.0,0.0,0.0,7.0,1.0,0.0,0.0,0.0,1.0
247,248.0,2.0,24.0,0.0,2.0,14.0,1.0,0.0,0.0,0.0,1.0
248,249.0,1.0,37.0,1.0,1.0,52.0,0.0,1.0,0.0,0.0,1.0
249,250.0,2.0,54.0,1.0,0.0,26.0,0.0,1.0,0.0,0.0,1.0
250,251.0,3.0,29.69911764705882,0.0,0.0,7.0,0.0,1.0,0.0,0.0,1.0
251,252.0,3.0,29.0,1.0,1.0,10.0,1.0,0.0,0.0,0.0,1.0
252,253.0,1.0,62.0,0.0,0.0,26.0,0.0,1.0,0.0,0.0,1.0
253,254.0,3.0,30.0,1.0,0.0,16.0,0.0,1.0,0.0,0.0,1.0
254,255.0,3.0,41.0,0.0,2.0,20.0,1.0,0.0,0.0,0.0,1.0
255,256.0,3.0,29.0,0.0,2.0,15.0,1.0,0.0,1.0,0.0,0.0
256,257.0,1.0,29.69911764705882,0.0,0.0,79.0,1.0,0.0,1.0,0.0,0.0
257,258.0,1.0,30.0,0.0,0.0,86.0,1.0,0.0,0.0,0.0,1.0
258,259.0,1.0,35.0,0.0,0.0,512.0,1.0,0.0,1.0,0.0,0.0
259,260.0,2.0,50.0,0.0,1.0,26.0,1.0,0.0,0.0,0.0,1.0
260,261.0,3.0,29.69911764705882,0.0,0.0,7.0,0.0,1.0,0.0,1.0,0.0
261,262.0,3.0,3.0,4.0,2.0,31.0,0.0,1.0,0.0,0.0,1.0
262,263.0,1.0,52.0,1.0,1.0,79.0,0.0,1.0,0.0,0.0,1.0
263,264.0,1.0,40.0,0.0,0.0,0.0,0.0,1.0,0.0,0.0,1.0
264,265.0,3.0,29.69911764705882,0.0,0.0,7.0,1.0,0.0,0.0,1.0,0.0
265,266.0,2.0,36.0,0.0,0.0,10.0,0.0,1.0,0.0,0.0,1.0
266,267.0,3.0,16.0,4.0,1.0,39.0,0.0,1.0,0.0,0.0,1.0
267,268.0,3.0,25.0,1.0,0.0,7.0,0.0,1.0,0.0,0.0,1.0
268,269.0,1.0,58.0,0.0,1.0,153.0,1.0,0.0,0.0,0.0,1.0
269,270.0,1.0,35.0,0.0,0.0,135.0,1.0,0.0,0.0,0.0,1.0
270,271.0,1.0,29.69911764705882,0.0,0.0,31.0,0.0,1.0,0.0,0.0,1.0
271,272.0,3.0,25.0,0.0,0.0,0.0,0.0,1.0,0.0,0.0,1.0
272,273.0,2.0,41.0,0.0,1.0,19.0,1.0,0.0,0.0,0.0,1.0
273,274.0,1.0,37.0,0.0,1.0,29.0,0.0,1.0,1.0,0.0,0.0
274,275.0,3.0,29.69911764705882,0.0,0.0,7.0,1.0,0.0,0.0,1.0,0.0
275,276.0,1.0,63.0,1.0,0.0,77.0,1.0,0.0,0.0,0.0,1.0
276,277.0,3.0,45.0,0.0,0.0,7.0,1.0,0.0,0.0,0.0,1.0
277,278.0,2.0,29.69911764705882,0.0,0.0,0.0,0.0,1.0,0.0,0.0,1.0
278,279.0,3.0,7.0,4.0,1.0,29.0,0.0,1.0,0.0,1.0,0.0
279,280.0,3.0,35.0,1.0,1.0,20.0,1.0,0.0,0.0,0.0,1.0
280,281.0,3.0,65.0,0.0,0.0,7.0,0.0,1.0,0.0,1.0,0.0
281,282.0,3.0,28.0,0.0,0.0,7.0,0.0,1.0,0.0,0.0,1.0
282,283.0,3.0,16.0,0.0,0.0,9.0,0.0,1.0,0.0,0.0,1.0
283,284.0,3.0,19.0,0.0,0.0,8.0,0.0,1.0,0.0,0.0,1.0
284,285.0,1.0,29.69911764705882,0.0,0.0,26.0,0.0,1.0,0.0,0.0,1.0
285,286.0,3.0,33.0,0.0,0.0,8.0,0.0,1.0,1.0,0.0,0.0
286,287.0,3.0,30.0,0.0,0.0,9.0,0.0,1.0,0.0,0.0,1.0
287,288.0,3.0,22.0,0.0,0.0,7.0,0.0,1.0,0.0,0.0,1.0
288,289.0,2.0,42.0,0.0,0.0,13.0,0.0,1.0,0.0,0.0,1.0
289,290.0,3.0,22.0,0.0,0.0,7.0,1.0,0.0,0.0,1.0,0.0
290,291.0,1.0,26.0,0.0,0.0,78.0,1.0,0.0,0.0,0.0,1.0
291,292.0,1.0,19.0,1.0,0.0,91.0,1.0,0.0,1.0,0.0,0.0
292,293.0,2.0,36.0,0.0,0.0,12.0,0.0,1.0,1.0,0.0,0.0
293,294.0,3.0,24.0,0.0,0.0,8.0,1.0,0.0,0.0,0.0,1.0
294,295.0,3.0,24.0,0.0,0.0,7.0,0.0,1.0,0.0,0.0,1.0
295,296.0,1.0,29.69911764705882,0.0,0.0,27.0,0.0,1.0,1.0,0.0,0.0
296,297.0,3.0,23.5,0.0,0.0,7.0,0.0,1.0,1.0,0.0,0.0
297,298.0,1.0,2.0,1.0,2.0,151.0,1.0,0.0,0.0,0.0,1.0
298,299.0,1.0,29.69911764705882,0.0,0.0,30.0,0.0,1.0,0.0,0.0,1.0
299,300.0,1.0,50.0,0.0,1.0,247.0,1.0,0.0,1.0,0.0,0.0
300,301.0,3.0,29.69911764705882,0.0,0.0,7.0,1.0,0.0,0.0,1.0,0.0
301,302.0,3.0,29.69911764705882,2.0,0.0,23.0,0.0,1.0,0.0,1.0,0.0
302,303.0,3.0,19.0,0.0,0.0,0.0,0.0,1.0,0.0,0.0,1.0
303,304.0,2.0,29.69911764705882,0.0,0.0,12.0,1.0,0.0,0.0,1.0,0.0
304,305.0,3.0,29.69911764705882,0.0,0.0,8.0,0.0,1.0,0.0,0.0,1.0
305,306.0,1.0,0.92,1.0,2.0,151.0,0.0,1.0,0.0,0.0,1.0
306,307.0,1.0,29.69911764705882,0.0,0.0,110.0,1.0,0.0,1.0,0.0,0.0
307,308.0,1.0,17.0,1.0,0.0,108.0,1.0,0.0,1.0,0.0,0.0
308,309.0,2.0,30.0,1.0,0.0,24.0,0.0,1.0,1.0,0.0,0.0
309,310.0,1.0,30.0,0.0,0.0,56.0,1.0,0.0,1.0,0.0,0.0
310,311.0,1.0,24.0,0.0,0.0,83.0,1.0,0.0,1.0,0.0,0.0
311,312.0,1.0,18.0,2.0,2.0,262.0,1.0,0.0,1.0,0.0,0.0
312,313.0,2.0,26.0,1.0,1.0,26.0,1.0,0.0,0.0,0.0,1.0
313,314.0,3.0,28.0,0.0,0.0,7.0,0.0,1.0,0.0,0.0,1.0
314,315.0,2.0,43.0,1.0,1.0,26.0,0.0,1.0,0.0,0.0,1.0
315,316.0,3.0,26.0,0.0,0.0,7.0,1.0,0.0,0.0,0.0,1.0
316,317.0,2.0,24.0,1.0,0.0,26.0,1.0,0.0,0.0,0.0,1.0
317,318.0,2.0,54.0,0.0,0.0,14.0,0.0,1.0,0.0,0.0,1.0
318,319.0,1.0,31.0,0.0,2.0,164.0,1.0,0.0,0.0,0.0,1.0
319,320.0,1.0,40.0,1.0,1.0,134.0,1.0,0.0,1.0,0.0,0.0
320,321.0,3.0,22.0,0.0,0.0,7.0,0.0,1.0,0.0,0.0,1.0
321,322.0,3.0,27.0,0.0,0.0,7.0,0.0,1.0,0.0,0.0,1.0
322,323.0,2.0,30.0,0.0,0.0,12.0,1.0,0.0,0.0,1.0,0.0
323,324.0,2.0,22.0,1.0,1.0,29.0,1.0,0.0,0.0,0.0,1.0
324,325.0,3.0,29.69911764705882,8.0,2.0,69.0,0.0,1.0,0.0,0.0,1.0
325,326.0,1.0,36.0,0.0,0.0,135.0,1.0,0.0,1.0,0.0,0.0
326,327.0,3.0,61.0,0.0,0.0,6.0,0.0,1.0,0.0,0.0,1.0
327,328.0,2.0,36.0,0.0,0.0,13.0,1.0,0.0,0.0,0.0,1.0
328,329.0,3.0,31.0,1.0,1.0,20.0,1.0,0.0,0.0,0.0,1.0
329,330.0,1.0,16.0,0.0,1.0,57.0,1.0,0.0,1.0,0.0,0.0
330,331.0,3.0,29.69911764705882,2.0,0.0,23.0,1.0,0.0,0.0,1.0,0.0
331,332.0,1.0,45.5,0.0,0.0,28.0,0.0,1.0,0.0,0.0,1.0
332,333.0,1.0,38.0,0.0,1.0,153.0,0.0,1.0,0.0,0.0,1.0
333,334.0,3.0,16.0,2.0,0.0,18.0,0.0,1.0,0.0,0.0,1.0
334,335.0,1.0,29.69911764705882,1.0,0.0,133.0,1.0,0.0,0.0,0.0,1.0
335,336.0,3.0,29.69911764705882,0.0,0.0,7.0,0.0,1.0,0.0,0.0,1.0
336,337.0,1.0,29.0,1.0,0.0,66.0,0.0,1.0,0.0,0.0,1.0
337,338.0,1.0,41.0,0.0,0.0,134.0,1.0,0.0,1.0,0.0,0.0
338,339.0,3.0,45.0,0.0,0.0,8.0,0.0,1.0,0.0,0.0,1.0
339,340.0,1.0,45.0,0.0,0.0,35.0,0.0,1.0,0.0,0.0,1.0
340,341.0,2.0,2.0,1.0,1.0,26.0,0.0,1.0,0.0,0.0,1.0
341,342.0,1.0,24.0,3.0,2.0,263.0,1.0,0.0,0.0,0.0,1.0
342,343.0,2.0,28.0,0.0,0.0,13.0,0.0,1.0,0.0,0.0,1.0
343,344.0,2.0,25.0,0.0,0.0,13.0,0.0,1.0,0.0,0.0,1.0
344,345.0,2.0,36.0,0.0,0.0,13.0,0.0,1.0,0.0,0.0,1.0
345,346.0,2.0,24.0,0.0,0.0,13.0,1.0,0.0,0.0,0.0,1.0
346,347.0,2.0,40.0,0.0,0.0,13.0,1.0,0.0,0.0,0.0,1.0
347,348.0,3.0,29.69911764705882,1.0,0.0,16.0,1.0,0.0,0.0,0.0,1.0
348,349.0,3.0,3.0,1.0,1.0,15.0,0.0,1.0,0.0,0.0,1.0
349,350.0,3.0,42.0,0.0,0.0,8.0,0.0,1.0,0.0,0.0,1.0
350,351.0,3.0,23.0,0.0,0.0,9.0,0.0,1.0,0.0,0.0,1.0
351,352.0,1.0,29.69911764705882,0.0,0.0,35.0,0.0,1.0,0.0,0.0,1.0
352,353.0,3.0,15.0,1.0,1.0,7.0,0.0,1.0,1.0,0.0,0.0
353,354.0,3.0,25.0,1.0,0.0,17.0,0.0,1.0,0.0,0.0,1.0
354,355.0,3.0,29.69911764705882,0.0,0.0,7.0,0.0,1.0,1.0,0.0,0.0
355,356.0,3.0,28.0,0.0,0.0,9.0,0.0,1.0,0.0,0.0,1.0
356,357.0,1.0,22.0,0.0,1.0,55.0,1.0,0.0,0.0,0.0,1.0
357,358.0,2.0,38.0,0.0,0.0,13.0,1.0,0.0,0.0,0.0,1.0
358,359.0,3.0,29.69911764705882,0.0,0.0,7.0,1.0,0.0,0.0,1.0,0.0
359,360.0,3.0,29.69911764705882,0.0,0.0,7.0,1.0,0.0,0.0,1.0,0.0
360,361.0,3.0,40.0,1.0,4.0,27.0,0.0,1.0,0.0,0.0,1.0
361,362.0,2.0,29.0,1.0,0.0,27.0,0.0,1.0,1.0,0.0,0.0
362,363.0,3.0,45.0,0.0,1.0,14.0,1.0,0.0,1.0,0.0,0.0
363,364.0,3.0,35.0,0.0,0.0,7.0,0.0,1.0,0.0,0.0,1.0
364,365.0,3.0,29.69911764705882,1.0,0.0,15.0,0.0,1.0,0.0,1.0,0.0
365,366.0,3.0,30.0,0.0,0.0,7.0,0.0,1.0,0.0,0.0,1.0
366,367.0,1.0,60.0,1.0,0.0,75.0,1.0,0.0,1.0,0.0,0.0
367,368.0,3.0,29.69911764705882,0.0,0.0,7.0,1.0,0.0,1.0,0.0,0.0
368,369.0,3.0,29.69911764705882,0.0,0.0,7.0,1.0,0.0,0.0,1.0,0.0
369,370.0,1.0,24.0,0.0,0.0,69.0,1.0,0.0,1.0,0.0,0.0
370,371.0,1.0,25.0,1.0,0.0,55.0,0.0,1.0,1.0,0.0,0.0
371,372.0,3.0,18.0,1.0,0.0,6.0,0.0,1.0,0.0,0.0,1.0
372,373.0,3.0,19.0,0.0,0.0,8.0,0.0,1.0,0.0,0.0,1.0
373,374.0,1.0,22.0,0.0,0.0,135.0,0.0,1.0,1.0,0.0,0.0
374,375.0,3.0,3.0,3.0,1.0,21.0,1.0,0.0,0.0,0.0,1.0
375,376.0,1.0,29.69911764705882,1.0,0.0,82.0,1.0,0.0,1.0,0.0,0.0
376,377.0,3.0,22.0,0.0,0.0,7.0,1.0,0.0,0.0,0.0,1.0
377,378.0,1.0,27.0,0.0,2.0,211.0,0.0,1.0,1.0,0.0,0.0
378,379.0,3.0,20.0,0.0,0.0,4.0,0.0,1.0,1.0,0.0,0.0
379,380.0,3.0,19.0,0.0,0.0,7.0,0.0,1.0,0.0,0.0,1.0
380,381.0,1.0,42.0,0.0,0.0,227.0,1.0,0.0,1.0,0.0,0.0
381,382.0,3.0,1.0,0.0,2.0,15.0,1.0,0.0,1.0,0.0,0.0
382,383.0,3.0,32.0,0.0,0.0,7.0,0.0,1.0,0.0,0.0,1.0
383,384.0,1.0,35.0,1.0,0.0,52.0,1.0,0.0,0.0,0.0,1.0
384,385.0,3.0,29.69911764705882,0.0,0.0,7.0,0.0,1.0,0.0,0.0,1.0
385,386.0,2.0,18.0,0.0,0.0,73.0,0.0,1.0,0.0,0.0,1.0
386,387.0,3.0,1.0,5.0,2.0,46.0,0.0,1.0,0.0,0.0,1.0
387,388.0,2.0,36.0,0.0,0.0,13.0,1.0,0.0,0.0,0.0,1.0
388,389.0,3.0,29.69911764705882,0.0,0.0,7.0,0.0,1.0,0.0,1.0,0.0
389,390.0,2.0,17.0,0.0,0.0,12.0,1.0,0.0,1.0,0.0,0.0
390,391.0,1.0,36.0,1.0,2.0,120.0,0.0,1.0,0.0,0.0,1.0
391,392.0,3.0,21.0,0.0,0.0,7.0,0.0,1.0,0.0,0.0,1.0
392,393.0,3.0,28.0,2.0,0.0,7.0,0.0,1.0,0.0,0.0,1.0
393,394.0,1.0,23.0,1.0,0.0,113.0,1.0,0.0,1.0,0.0,0.0
394,395.0,3.0,24.0,0.0,2.0,16.0,1.0,0.0,0.0,0.0,1.0
395,396.0,3.0,22.0,0.0,0.0,7.0,0.0,1.0,0.0,0.0,1.0
396,397.0,3.0,31.0,0.0,0.0,7.0,1.0,0.0,0.0,0.0,1.0
397,398.0,2.0,46.0,0.0,0.0,26.0,0.0,1.0,0.0,0.0,1.0
398,399.0,2.0,23.0,0.0,0.0,10.0,0.0,1.0,0.0,0.0,1.0
399,400.0,2.0,28.0,0.0,0.0,12.0,1.0,0.0,0.0,0.0,1.0
400,401.0,3.0,39.0,0.0,0.0,7.0,0.0,1.0,0.0,0.0,1.0
401,402.0,3.0,26.0,0.0,0.0,8.0,0.0,1.0,0.0,0.0,1.0
402,403.0,3.0,21.0,1.0,0.0,9.0,1.0,0.0,0.0,0.0,1.0
403,404.0,3.0,28.0,1.0,0.0,15.0,0.0,1.0,0.0,0.0,1.0
404,405.0,3.0,20.0,0.0,0.0,8.0,1.0,0.0,0.0,0.0,1.0
405,406.0,2.0,34.0,1.0,0.0,21.0,0.0,1.0,0.0,0.0,1.0
406,407.0,3.0,51.0,0.0,0.0,7.0,0.0,1.0,0.0,0.0,1.0
407,408.0,2.0,3.0,1.0,1.0,18.0,0.0,1.0,0.0,0.0,1.0
408,409.0,3.0,21.0,0.0,0.0,7.0,0.0,1.0,0.0,0.0,1.0
409,410.0,3.0,29.69911764705882,3.0,1.0,25.0,1.0,0.0,0.0,0.0,1.0
410,411.0,3.0,29.69911764705882,0.0,0.0,7.0,0.0,1.0,0.0,0.0,1.0
411,412.0,3.0,29.69911764705882,0.0,0.0,6.0,0.0,1.0,0.0,1.0,0.0
412,413.0,1.0,33.0,1.0,0.0,90.0,1.0,0.0,0.0,1.0,0.0
413,414.0,2.0,29.69911764705882,0.0,0.0,0.0,0.0,1.0,0.0,0.0,1.0
414,415.0,3.0,44.0,0.0,0.0,7.0,0.0,1.0,0.0,0.0,1.0
415,416.0,3.0,29.69911764705882,0.0,0.0,8.0,1.0,0.0,0.0,0.0,1.0
416,417.0,2.0,34.0,1.0,1.0,32.0,1.0,0.0,0.0,0.0,1.0
417,418.0,2.0,18.0,0.0,2.0,13.0,1.0,0.0,0.0,0.0,1.0
418,419.0,2.0,30.0,0.0,0.0,13.0,0.0,1.0,0.0,0.0,1.0
419,420.0,3.0,10.0,0.0,2.0,24.0,1.0,0.0,0.0,0.0,1.0
420,421.0,3.0,29.69911764705882,0.0,0.0,7.0,0.0,1.0,1.0,0.0,0.0
421,422.0,3.0,21.0,0.0,0.0,7.0,0.0,1.0,0.0,1.0,0.0
422,423.0,3.0,29.0,0.0,0.0,7.0,0.0,1.0,0.0,0.0,1.0
423,424.0,3.0,28.0,1.0,1.0,14.0,1.0,0.0,0.0,0.0,1.0
424,425.0,3.0,18.0,1.0,1.0,20.0,0.0,1.0,0.0,0.0,1.0
425,426.0,3.0,29.69911764705882,0.0,0.0,7.0,0.0,1.0,0.0,0.0,1.0
426,427.0,2.0,28.0,1.0,0.0,26.0,1.0,0.0,0.0,0.0,1.0
427,428.0,2.0,19.0,0.0,0.0,26.0,1.0,0.0,0.0,0.0,1.0
428,429.0,3.0,29.69911764705882,0.0,0.0,7.0,0.0,1.0,0.0,1.0,0.0
429,430.0,3.0,32.0,0.0,0.0,8.0,0.0,1.0,0.0,0.0,1.0
430,431.0,1.0,28.0,0.0,0.0,26.0,0.0,1.0,0.0,0.0,1.0
431,432.0,3.0,29.69911764705882,1.0,0.0,16.0,1.0,0.0,0.0,0.0,1.0
432,433.0,2.0,42.0,1.0,0.0,26.0,1.0,0.0,0.0,0.0,1.0
433,434.0,3.0,17.0,0.0,0.0,7.0,0.0,1.0,0.0,0.0,1.0
434,435.0,1.0,50.0,1.0,0.0,55.0,0.0,1.0,0.0,0.0,1.0
435,436.0,1.0,14.0,1.0,2.0,120.0,1.0,0.0,0.0,0.0,1.0
436,437.0,3.0,21.0,2.0,2.0,34.0,1.0,0.0,0.0,0.0,1.0
437,438.0,2.0,24.0,2.0,3.0,18.0,1.0,0.0,0.0,0.0,1.0
438,439.0,1.0,64.0,1.0,4.0,263.0,0.0,1.0,0.0,0.0,1.0
439,440.0,2.0,31.0,0.0,0.0,10.0,0.0,1.0,0.0,0.0,1.0
440,441.0,2.0,45.0,1.0,1.0,26.0,1.0,0.0,0.0,0.0,1.0
441,442.0,3.0,20.0,0.0,0.0,9.0,0.0,1.0,0.0,0.0,1.0
442,443.0,3.0,25.0,1.0,0.0,7.0,0.0,1.0,0.0,0.0,1.0
443,444.0,2.0,28.0,0.0,0.0,13.0,1.0,0.0,0.0,0.0,1.0
444,445.0,3.0,29.69911764705882,0.0,0.0,8.0,0.0,1.0,0.0,0.0,1.0
445,446.0,1.0,4.0,0.0,2.0,81.0,0.0,1.0,0.0,0.0,1.0
446,447.0,2.0,13.0,0.0,1.0,19.0,1.0,0.0,0.0,0.0,1.0
447,448.0,1.0,34.0,0.0,0.0,26.0,0.0,1.0,0.0,0.0,1.0
448,449.0,3.0,5.0,2.0,1.0,19.0,1.0,0.0,1.0,0.0,0.0
449,450.0,1.0,52.0,0.0,0.0,30.0,0.0,1.0,0.0,0.0,1.0
450,451.0,2.0,36.0,1.0,2.0,27.0,0.0,1.0,0.0,0.0,1.0
451,452.0,3.0,29.69911764705882,1.0,0.0,19.0,0.0,1.0,0.0,0.0,1.0
452,453.0,1.0,30.0,0.0,0.0,27.0,0.0,1.0,1.0,0.0,0.0
453,454.0,1.0,49.0,1.0,0.0,89.0,0.0,1.0,1.0,0.0,0.0
454,455.0,3.0,29.69911764705882,0.0,0.0,8.0,0.0,1.0,0.0,0.0,1.0
455,456.0,3.0,29.0,0.0,0.0,7.0,0.0,1.0,1.0,0.0,0.0
456,457.0,1.0,65.0,0.0,0.0,26.0,0.0,1.0,0.0,0.0,1.0
457,458.0,1.0,29.69911764705882,1.0,0.0,51.0,1.0,0.0,0.0,0.0,1.0
458,459.0,2.0,50.0,0.0,0.0,10.0,1.0,0.0,0.0,0.0,1.0
459,460.0,3.0,29.69911764705882,0.0,0.0,7.0,0.0,1.0,0.0,1.0,0.0
460,461.0,1.0,48.0,0.0,0.0,26.0,0.0,1.0,0.0,0.0,1.0
461,462.0,3.0,34.0,0.0,0.0,8.0,0.0,1.0,0.0,0.0,1.0
462,463.0,1.0,47.0,0.0,0.0,38.0,0.0,1.0,0.0,0.0,1.0
463,464.0,2.0,48.0,0.0,0.0,13.0,0.0,1.0,0.0,0.0,1.0
464,465.0,3.0,29.69911764705882,0.0,0.0,8.0,0.0,1.0,0.0,0.0,1.0
465,466.0,3.0,38.0,0.0,0.0,7.0,0.0,1.0,0.0,0.0,1.0
466,467.0,2.0,29.69911764705882,0.0,0.0,0.0,0.0,1.0,0.0,0.0,1.0
467,468.0,1.0,56.0,0.0,0.0,26.0,0.0,1.0,0.0,0.0,1.0
468,469.0,3.0,29.69911764705882,0.0,0.0,7.0,0.0,1.0,0.0,1.0,0.0
469,470.0,3.0,0.75,2.0,1.0,19.0,1.0,0.0,1.0,0.0,0.0
470,471.0,3.0,29.69911764705882,0.0,0.0,7.0,0.0,1.0,0.0,0.0,1.0
471,472.0,3.0,38.0,0.0,0.0,8.0,0.0,1.0,0.0,0.0,1.0
472,473.0,2.0,33.0,1.0,2.0,27.0,1.0,0.0,0.0,0.0,1.0
473,474.0,2.0,23.0,0.0,0.0,13.0,1.0,0.0,1.0,0.0,0.0
474,475.0,3.0,22.0,0.0,0.0,9.0,1.0,0.0,0.0,0.0,1.0
475,476.0,1.0,29.69911764705882,0.0,0.0,52.0,0.0,1.0,0.0,0.0,1.0
476,477.0,2.0,34.0,1.0,0.0,21.0,0.0,1.0,0.0,0.0,1.0
477,478.0,3.0,29.0,1.0,0.0,7.0,0.0,1.0,0.0,0.0,1.0
478,479.0,3.0,22.0,0.0,0.0,7.0,0.0,1.0,0.0,0.0,1.0
479,480.0,3.0,2.0,0.0,1.0,12.0,1.0,0.0,0.0,0.0,1.0
480,481.0,3.0,9.0,5.0,2.0,46.0,0.0,1.0,0.0,0.0,1.0
481,482.0,2.0,29.69911764705882,0.0,0.0,0.0,0.0,1.0,0.0,0.0,1.0
482,483.0,3.0,50.0,0.0,0.0,8.0,0.0,1.0,0.0,0.0,1.0
483,598.0,3.0,49.0,0.0,0.0,0.0,0.0,1.0,0.0,0.0,1.0
484,599.0,3.0,29.69911764705882,0.0,0.0,7.0,0.0,1.0,1.0,0.0,0.0
485,600.0,1.0,49.0,1.0,0.0,56.0,0.0,1.0,1.0,0.0,0.0
486,601.0,2.0,24.0,2.0,1.0,27.0,1.0,0.0,0.0,0.0,1.0
487,602.0,3.0,29.69911764705882,0.0,0.0,7.0,0.0,1.0,0.0,0.0,1.0
488,603.0,1.0,29.69911764705882,0.0,0.0,42.0,0.0,1.0,0.0,0.0,1.0
489,604.0,3.0,44.0,0.0,0.0,8.0,0.0,1.0,0.0,0.0,1.0
490,605.0,1.0,35.0,0.0,0.0,26.0,0.0,1.0,1.0,0.0,0.0
491,606.0,3.0,36.0,1.0,0.0,15.0,0.0,1.0,0.0,0.0,1.0
492,607.0,3.0,30.0,0.0,0.0,7.0,0.0,1.0,0.0,0.0,1.0
493,608.0,1.0,27.0,0.0,0.0,30.0,0.0,1.0,0.0,0.0,1.0
494,609.0,2.0,22.0,1.0,2.0,41.0,1.0,0.0,1.0,0.0,0.0
495,610.0,1.0,40.0,0.0,0.0,153.0,1.0,0.0,0.0,0.0,1.0
496,611.0,3.0,39.0,1.0,5.0,31.0,1.0,0.0,0.0,0.0,1.0
497,612.0,3.0,29.69911764705882,0.0,0.0,7.0,0.0,1.0,0.0,0.0,1.0
498,613.0,3.0,29.69911764705882,1.0,0.0,15.0,1.0,0.0,0.0,1.0,0.0
499,614.0,3.0,29.69911764705882,0.0,0.0,7.0,0.0,1.0,0.0,1.0,0.0
500,615.0,3.0,35.0,0.0,0.0,8.0,0.0,1.0,0.0,0.0,1.0
501,616.0,2.0,24.0,1.0,2.0,65.0,1.0,0.0,0.0,0.0,1.0
502,617.0,3.0,34.0,1.0,1.0,14.0,0.0,1.0,0.0,0.0,1.0
503,618.0,3.0,26.0,1.0,0.0,16.0,1.0,0.0,0.0,0.0,1.0
504,619.0,2.0,4.0,2.0,1.0,39.0,1.0,0.0,0.0,0.0,1.0
505,620.0,2.0,26.0,0.0,0.0,10.0,0.0,1.0,0.0,0.0,1.0
506,621.0,3.0,27.0,1.0,0.0,14.0,0.0,1.0,1.0,0.0,0.0
507,622.0,1.0,42.0,1.0,0.0,52.0,0.0,1.0,0.0,0.0,1.0
508,623.0,3.0,20.0,1.0,1.0,15.0,0.0,1.0,1.0,0.0,0.0
509,624.0,3.0,21.0,0.0,0.0,7.0,0.0,1.0,0.0,0.0,1.0
510,625.0,3.0,21.0,0.0,0.0,16.0,0.0,1.0,0.0,0.0,1.0
511,626.0,1.0,61.0,0.0,0.0,32.0,0.0,1.0,0.0,0.0,1.0
512,627.0,2.0,57.0,0.0,0.0,12.0,0.0,1.0,0.0,1.0,0.0
513,628.0,1.0,21.0,0.0,0.0,77.0,1.0,0.0,0.0,0.0,1.0
514,629.0,3.0,26.0,0.0,0.0,7.0,0.0,1.0,0.0,0.0,1.0
515,630.0,3.0,29.69911764705882,0.0,0.0,7.0,0.0,1.0,0.0,1.0,0.0
516,631.0,1.0,80.0,0.0,0.0,30.0,0.0,1.0,0.0,0.0,1.0
517,632.0,3.0,51.0,0.0,0.0,7.0,0.0,1.0,0.0,0.0,1.0
518,633.0,1.0,32.0,0.0,0.0,30.0,0.0,1.0,1.0,0.0,0.0
519,634.0,1.0,29.69911764705882,0.0,0.0,0.0,0.0,1.0,0.0,0.0,1.0
520,635.0,3.0,9.0,3.0,2.0,27.0,1.0,0.0,0.0,0.0,1.0
521,636.0,2.0,28.0,0.0,0.0,13.0,1.0,0.0,0.0,0.0,1.0
522,637.0,3.0,32.0,0.0,0.0,7.0,0.0,1.0,0.0,0.0,1.0
523,638.0,2.0,31.0,1.0,1.0,26.0,0.0,1.0,0.0,0.0,1.0
524,639.0,3.0,41.0,0.0,5.0,39.0,1.0,0.0,0.0,0.0,1.0
525,640.0,3.0,29.69911764705882,1.0,0.0,16.0,0.0,1.0,0.0,0.0,1.0
526,641.0,3.0,20.0,0.0,0.0,7.0,0.0,1.0,0.0,0.0,1.0
527,642.0,1.0,24.0,0.0,0.0,69.0,1.0,0.0,1.0,0.0,0.0
528,643.0,3.0,2.0,3.0,2.0,27.0,1.0,0.0,0.0,0.0,1.0
529,644.0,3.0,29.69911764705882,0.0,0.0,56.0,0.0,1.0,0.0,0.0,1.0
530,645.0,3.0,0.75,2.0,1.0,19.0,1.0,0.0,1.0,0.0,0.0
531,646.0,1.0,48.0,1.0,0.0,76.0,0.0,1.0,1.0,0.0,0.0
532,647.0,3.0,19.0,0.0,0.0,7.0,0.0,1.0,0.0,0.0,1.0
533,648.0,1.0,56.0,0.0,0.0,35.0,0.0,1.0,1.0,0.0,0.0
534,649.0,3.0,29.69911764705882,0.0,0.0,7.0,0.0,1.0,0.0,0.0,1.0
535,650.0,3.0,23.0,0.0,0.0,7.0,1.0,0.0,0.0,0.0,1.0
536,651.0,3.0,29.69911764705882,0.0,0.0,7.0,0.0,1.0,0.0,0.0,1.0
537,652.0,2.0,18.0,0.0,1.0,23.0,1.0,0.0,0.0,0.0,1.0
538,653.0,3.0,21.0,0.0,0.0,8.0,0.0,1.0,0.0,0.0,1.0
539,654.0,3.0,29.69911764705882,0.0,0.0,7.0,1.0,0.0,0.0,1.0,0.0
540,655.0,3.0,18.0,0.0,0.0,6.0,1.0,0.0,0.0,1.0,0.0
541,656.0,2.0,24.0,2.0,0.0,73.0,0.0,1.0,0.0,0.0,1.0
542,657.0,3.0,29.69911764705882,0.0,0.0,7.0,0.0,1.0,0.0,0.0,1.0
543,658.0,3.0,32.0,1.0,1.0,15.0,1.0,0.0,0.0,1.0,0.0
544,659.0,2.0,23.0,0.0,0.0,13.0,0.0,1.0,0.0,0.0,1.0
545,660.0,1.0,58.0,0.0,2.0,113.0,0.0,1.0,1.0,0.0,0.0
546,661.0,1.0,50.0,2.0,0.0,133.0,0.0,1.0,0.0,0.0,1.0
547,662.0,3.0,40.0,0.0,0.0,7.0,0.0,1.0,1.0,0.0,0.0
548,663.0,1.0,47.0,0.0,0.0,25.0,0.0,1.0,0.0,0.0,1.0
549,664.0,3.0,36.0,0.0,0.0,7.0,0.0,1.0,0.0,0.0,1.0
550,665.0,3.0,20.0,1.0,0.0,7.0,0.0,1.0,0.0,0.0,1.0
551,666.0,2.0,32.0,2.0,0.0,73.0,0.0,1.0,0.0,0.0,1.0
552,667.0,2.0,25.0,0.0,0.0,13.0,0.0,1.0,0.0,0.0,1.0
553,668.0,3.0,29.69911764705882,0.0,0.0,7.0,0.0,1.0,0.0,0.0,1.0
554,669.0,3.0,43.0,0.0,0.0,8.0,0.0,1.0,0.0,0.0,1.0
555,670.0,1.0,29.69911764705882,1.0,0.0,52.0,1.0,0.0,0.0,0.0,1.0
556,671.0,2.0,40.0,1.0,1.0,39.0,1.0,0.0,0.0,0.0,1.0
557,672.0,1.0,31.0,1.0,0.0,52.0,0.0,1.0,0.0,0.0,1.0
558,673.0,2.0,70.0,0.0,0.0,10.0,0.0,1.0,0.0,0.0,1.0
559,674.0,2.0,31.0,0.0,0.0,13.0,0.0,1.0,0.0,0.0,1.0
560,675.0,2.0,29.69911764705882,0.0,0.0,0.0,0.0,1.0,0.0,0.0,1.0
561,676.0,3.0,18.0,0.0,0.0,7.0,0.0,1.0,0.0,0.0,1.0
562,677.0,3.0,24.5,0.0,0.0,8.0,0.0,1.0,0.0,0.0,1.0
563,678.0,3.0,18.0,0.0,0.0,9.0,1.0,0.0,0.0,0.0,1.0
564,679.0,3.0,43.0,1.0,6.0,46.0,1.0,0.0,0.0,0.0,1.0
565,680.0,1.0,36.0,0.0,1.0,512.0,0.0,1.0,1.0,0.0,0.0
566,681.0,3.0,29.69911764705882,0.0,0.0,8.0,1.0,0.0,0.0,1.0,0.0
567,682.0,1.0,27.0,0.0,0.0,76.0,0.0,1.0,1.0,0.0,0.0
568,683.0,3.0,20.0,0.0,0.0,9.0,0.0,1.0,0.0,0.0,1.0
569,684.0,3.0,14.0,5.0,2.0,46.0,0.0,1.0,0.0,0.0,1.0
570,685.0,2.0,60.0,1.0,1.0,39.0,0.0,1.0,0.0,0.0,1.0
571,686.0,2.0,25.0,1.0,2.0,41.0,0.0,1.0,1.0,0.0,0.0
572,687.0,3.0,14.0,4.0,1.0,39.0,0.0,1.0,0.0,0.0,1.0
573,688.0,3.0,19.0,0.0,0.0,10.0,0.0,1.0,0.0,0.0,1.0
574,689.0,3.0,18.0,0.0,0.0,7.0,0.0,1.0,0.0,0.0,1.0
575,690.0,1.0,15.0,0.0,1.0,211.0,1.0,0.0,0.0,0.0,1.0
576,691.0,1.0,31.0,1.0,0.0,57.0,0.0,1.0,0.0,0.0,1.0
577,692.0,3.0,4.0,0.0,1.0,13.0,1.0,0.0,1.0,0.0,0.0
578,693.0,3.0,29.69911764705882,0.0,0.0,56.0,0.0,1.0,0.0,0.0,1.0
579,694.0,3.0,25.0,0.0,0.0,7.0,0.0,1.0,1.0,0.0,0.0
580,695.0,1.0,60.0,0.0,0.0,26.0,0.0,1.0,0.0,0.0,1.0
581,696.0,2.0,52.0,0.0,0.0,13.0,0.0,1.0,0.0,0.0,1.0
582,697.0,3.0,44.0,0.0,0.0,8.0,0.0,1.0,0.0,0.0,1.0
583,698.0,3.0,29.69911764705882,0.0,0.0,7.0,1.0,0.0,0.0,1.0,0.0
584,699.0,1.0,49.0,1.0,1.0,110.0,0.0,1.0,1.0,0.0,0.0
585,700.0,3.0,42.0,0.0,0.0,7.0,0.0,1.0,0.0,0.0,1.0
586,701.0,1.0,18.0,1.0,0.0,227.0,1.0,0.0,1.0,0.0,0.0
587,702.0,1.0,35.0,0.0,0.0,26.0,0.0,1.0,0.0,0.0,1.0
588,703.0,3.0,18.0,0.0,1.0,14.0,1.0,0.0,1.0,0.0,0.0
589,704.0,3.0,25.0,0.0,0.0,7.0,0.0,1.0,0.0,1.0,0.0
590,705.0,3.0,26.0,1.0,0.0,7.0,0.0,1.0,0.0,0.0,1.0
591,706.0,2.0,39.0,0.0,0.0,26.0,0.0,1.0,0.0,0.0,1.0
592,707.0,2.0,45.0,0.0,0.0,13.0,1.0,0.0,0.0,0.0,1.0
593,708.0,1.0,42.0,0.0,0.0,26.0,0.0,1.0,0.0,0.0,1.0
594,709.0,1.0,22.0,0.0,0.0,151.0,1.0,0.0,0.0,0.0,1.0
595,710.0,3.0,29.69911764705882,1.0,1.0,15.0,0.0,1.0,1.0,0.0,0.0
596,711.0,1.0,24.0,0.0,0.0,49.0,1.0,0.0,1.0,0.0,0.0
597,712.0,1.0,29.69911764705882,0.0,0.0,26.0,0.0,1.0,0.0,0.0,1.0
598,713.0,1.0,48.0,1.0,0.0,52.0,0.0,1.0,0.0,0.0,1.0
599,714.0,3.0,29.0,0.0,0.0,9.0,0.0,1.0,0.0,0.0,1.0
600,715.0,2.0,52.0,0.0,0.0,13.0,0.0,1.0,0.0,0.0,1.0
601,716.0,3.0,19.0,0.0,0.0,7.0,0.0,1.0,0.0,0.0,1.0
602,717.0,1.0,38.0,0.0,0.0,227.0,1.0,0.0,1.0,0.0,0.0
603,718.0,2.0,27.0,0.0,0.0,10.0,1.0,0.0,0.0,0.0,1.0
604,719.0,3.0,29.69911764705882,0.0,0.0,15.0,0.0,1.0,0.0,1.0,0.0
605,720.0,3.0,33.0,0.0,0.0,7.0,0.0,1.0,0.0,0.0,1.0
606,721.0,2.0,6.0,0.0,1.0,33.0,1.0,0.0,0.0,0.0,1.0
607,722.0,3.0,17.0,1.0,0.0,7.0,0.0,1.0,0.0,0.0,1.0
608,723.0,2.0,34.0,0.0,0.0,13.0,0.0,1.0,0.0,0.0,1.0
609,724.0,2.0,50.0,0.0,0.0,13.0,0.0,1.0,0.0,0.0,1.0
610,725.0,1.0,27.0,1.0,0.0,53.0,0.0,1.0,0.0,0.0,1.0
611,726.0,3.0,20.0,0.0,0.0,8.0,0.0,1.0,0.0,0.0,1.0
612,727.0,2.0,30.0,3.0,0.0,21.0,1.0,0.0,0.0,0.0,1.0
613,728.0,3.0,29.69911764705882,0.0,0.0,7.0,1.0,0.0,0.0,1.0,0.0
614,729.0,2.0,25.0,1.0,0.0,26.0,0.0,1.0,0.0,0.0,1.0
615,730.0,3.0,25.0,1.0,0.0,7.0,1.0,0.0,0.0,0.0,1.0
616,731.0,1.0,29.0,0.0,0.0,211.0,1.0,0.0,0.0,0.0,1.0
617,732.0,3.0,11.0,0.0,0.0,18.0,0.0,1.0,1.0,0.0,0.0
618,733.0,2.0,29.69911764705882,0.0,0.0,0.0,0.0,1.0,0.0,0.0,1.0
619,734.0,2.0,23.0,0.0,0.0,13.0,0.0,1.0,0.0,0.0,1.0
620,735.0,2.0,23.0,0.0,0.0,13.0,0.0,1.0,0.0,0.0,1.0
621,736.0,3.0,28.5,0.0,0.0,16.0,0.0,1.0,0.0,0.0,1.0
622,737.0,3.0,48.0,1.0,3.0,34.0,1.0,0.0,0.0,0.0,1.0
623,738.0,1.0,35.0,0.0,0.0,512.0,0.0,1.0,1.0,0.0,0.0
624,739.0,3.0,29.69911764705882,0.0,0.0,7.0,0.0,1.0,0.0,0.0,1.0
625,740.0,3.0,29.69911764705882,0.0,0.0,7.0,0.0,1.0,0.0,0.0,1.0
626,741.0,1.0,29.69911764705882,0.0,0.0,30.0,0.0,1.0,0.0,0.0,1.0
627,742.0,1.0,36.0,1.0,0.0,78.0,0.0,1.0,0.0,0.0,1.0
628,743.0,1.0,21.0,2.0,2.0,262.0,1.0,0.0,1.0,0.0,0.0
629,744.0,3.0,24.0,1.0,0.0,16.0,0.0,1.0,0.0,0.0,1.0
630,745.0,3.0,31.0,0.0,0.0,7.0,0.0,1.0,0.0,0.0,1.0
631,746.0,1.0,70.0,1.0,1.0,71.0,0.0,1.0,0.0,0.0,1.0
632,747.0,3.0,16.0,1.0,1.0,20.0,0.0,1.0,0.0,0.0,1.0
633,748.0,2.0,30.0,0.0,0.0,13.0,1.0,0.0,0.0,0.0,1.0
634,749.0,1.0,19.0,1.0,0.0,53.0,0.0,1.0,0.0,0.0,1.0
635,750.0,3.0,31.0,0.0,0.0,7.0,0.0,1.0,0.0,1.0,0.0
636,751.0,2.0,4.0,1.0,1.0,23.0,1.0,0.0,0.0,0.0,1.0
637,752.0,3.0,6.0,0.0,1.0,12.0,0.0,1.0,0.0,0.0,1.0
638,753.0,3.0,33.0,0.0,0.0,9.0,0.0,1.0,0.0,0.0,1.0
639,754.0,3.0,23.0,0.0,0.0,7.0,0.0,1.0,0.0,0.0,1.0
640,755.0,2.0,48.0,1.0,2.0,65.0,1.0,0.0,0.0,0.0,1.0
641,756.0,2.0,0.67,1.0,1.0,14.0,0.0,1.0,0.0,0.0,1.0
642,757.0,3.0,28.0,0.0,0.0,7.0,0.0,1.0,0.0,0.0,1.0
643,758.0,2.0,18.0,0.0,0.0,11.0,0.0,1.0,0.0,0.0,1.0
644,759.0,3.0,34.0,0.0,0.0,8.0,0.0,1.0,0.0,0.0,1.0
645,760.0,1.0,33.0,0.0,0.0,86.0,1.0,0.0,0.0,0.0,1.0
646,761.0,3.0,29.69911764705882,0.0,0.0,14.0,0.0,1.0,0.0,0.0,1.0
647,762.0,3.0,41.0,0.0,0.0,7.0,0.0,1.0,0.0,0.0,1.0
648,763.0,3.0,20.0,0.0,0.0,7.0,0.0,1.0,1.0,0.0,0.0
649,764.0,1.0,36.0,1.0,2.0,120.0,1.0,0.0,0.0,0.0,1.0
650,765.0,3.0,16.0,0.0,0.0,7.0,0.0,1.0,0.0,0.0,1.0
651,766.0,1.0,51.0,1.0,0.0,77.0,1.0,0.0,0.0,0.0,1.0
652,767.0,1.0,29.69911764705882,0.0,0.0,39.0,0.0,1.0,1.0,0.0,0.0
653,768.0,3.0,30.5,0.0,0.0,7.0,1.0,0.0,0.0,1.0,0.0
654,769.0,3.0,29.69911764705882,1.0,0.0,24.0,0.0,1.0,0.0,1.0,0.0
655,770.0,3.0,32.0,0.0,0.0,8.0,0.0,1.0,0.0,0.0,1.0
656,771.0,3.0,24.0,0.0,0.0,9.0,0.0,1.0,0.0,0.0,1.0
657,772.0,3.0,48.0,0.0,0.0,7.0,0.0,1.0,0.0,0.0,1.0
658,773.0,2.0,57.0,0.0,0.0,10.0,1.0,0.0,0.0,0.0,1.0
659,774.0,3.0,29.69911764705882,0.0,0.0,7.0,0.0,1.0,1.0,0.0,0.0
660,775.0,2.0,54.0,1.0,3.0,23.0,1.0,0.0,0.0,0.0,1.0
661,776.0,3.0,18.0,0.0,0.0,7.0,0.0,1.0,0.0,0.0,1.0
662,777.0,3.0,29.69911764705882,0.0,0.0,7.0,0.0,1.0,0.0,1.0,0.0
663,778.0,3.0,5.0,0.0,0.0,12.0,1.0,0.0,0.0,0.0,1.0
664,779.0,3.0,29.69911764705882,0.0,0.0,7.0,0.0,1.0,0.0,1.0,0.0
665,780.0,1.0,43.0,0.0,1.0,211.0,1.0,0.0,0.0,0.0,1.0
666,781.0,3.0,13.0,0.0,0.0,7.0,1.0,0.0,1.0,0.0,0.0
667,782.0,1.0,17.0,1.0,0.0,57.0,1.0,0.0,0.0,0.0,1.0
668,783.0,1.0,29.0,0.0,0.0,30.0,0.0,1.0,0.0,0.0,1.0
669,784.0,3.0,29.69911764705882,1.0,2.0,23.0,0.0,1.0,0.0,0.0,1.0
670,785.0,3.0,25.0,0.0,0.0,7.0,0.0,1.0,0.0,0.0,1.0
671,786.0,3.0,25.0,0.0,0.0,7.0,0.0,1.0,0.0,0.0,1.0
672,787.0,3.0,18.0,0.0,0.0,7.0,1.0,0.0,0.0,0.0,1.0
673,788.0,3.0,8.0,4.0,1.0,29.0,0.0,1.0,0.0,1.0,0.0
674,789.0,3.0,1.0,1.0,2.0,20.0,0.0,1.0,0.0,0.0,1.0
675,790.0,1.0,46.0,0.0,0.0,79.0,0.0,1.0,1.0,0.0,0.0
676,791.0,3.0,29.69911764705882,0.0,0.0,7.0,0.0,1.0,0.0,1.0,0.0
677,792.0,2.0,16.0,0.0,0.0,26.0,0.0,1.0,0.0,0.0,1.0
678,793.0,3.0,29.69911764705882,8.0,2.0,69.0,1.0,0.0,0.0,0.0,1.0
679,794.0,1.0,29.69911764705882,0.0,0.0,30.0,0.0,1.0,1.0,0.0,0.0
680,795.0,3.0,25.0,0.0,0.0,7.0,0.0,1.0,0.0,0.0,1.0
681,796.0,2.0,39.0,0.0,0.0,13.0,0.0,1.0,0.0,0.0,1.0
682,797.0,1.0,49.0,0.0,0.0,25.0,1.0,0.0,0.0,0.0,1.0
683,798.0,3.0,31.0,0.0,0.0,8.0,1.0,0.0,0.0,0.0,1.0
684,799.0,3.0,30.0,0.0,0.0,7.0,0.0,1.0,1.0,0.0,0.0
685,800.0,3.0,30.0,1.0,1.0,24.0,1.0,0.0,0.0,0.0,1.0
686,801.0,2.0,34.0,0.0,0.0,13.0,0.0,1.0,0.0,0.0,1.0
687,802.0,2.0,31.0,1.0,1.0,26.0,1.0,0.0,0.0,0.0,1.0
688,803.0,1.0,11.0,1.0,2.0,120.0,0.0,1.0,0.0,0.0,1.0
689,804.0,3.0,0.42,0.0,1.0,8.0,0.0,1.0,1.0,0.0,0.0
690,805.0,3.0,27.0,0.0,0.0,6.0,0.0,1.0,0.0,0.0,1.0
691,806.0,3.0,31.0,0.0,0.0,7.0,0.0,1.0,0.0,0.0,1.0
692,807.0,1.0,39.0,0.0,0.0,0.0,0.0,1.0,0.0,0.0,1.0
693,808.0,3.0,18.0,0.0,0.0,7.0,1.0,0.0,0.0,0.0,1.0
694,809.0,2.0,39.0,0.0,0.0,13.0,0.0,1.0,0.0,0.0,1.0
695,810.0,1.0,33.0,1.0,0.0,53.0,1.0,0.0,0.0,0.0,1.0
696,811.0,3.0,26.0,0.0,0.0,7.0,0.0,1.0,0.0,0.0,1.0
697,812.0,3.0,39.0,0.0,0.0,24.0,0.0,1.0,0.0,0.0,1.0
698,813.0,2.0,35.0,0.0,0.0,10.0,0.0,1.0,0.0,0.0,1.0
699,814.0,3.0,6.0,4.0,2.0,31.0,1.0,0.0,0.0,0.0,1.0
700,815.0,3.0,30.5,0.0,0.0,8.0,0.0,1.0,0.0,0.0,1.0
701,816.0,1.0,29.69911764705882,0.0,0.0,0.0,0.0,1.0,0.0,0.0,1.0
702,817.0,3.0,23.0,0.0,0.0,7.0,1.0,0.0,0.0,0.0,1.0
703,818.0,2.0,31.0,1.0,1.0,37.0,0.0,1.0,1.0,0.0,0.0
704,819.0,3.0,43.0,0.0,0.0,6.0,0.0,1.0,0.0,0.0,1.0
705,820.0,3.0,10.0,3.0,2.0,27.0,0.0,1.0,0.0,0.0,1.0
706,821.0,1.0,52.0,1.0,1.0,93.0,1.0,0.0,0.0,0.0,1.0
707,822.0,3.0,27.0,0.0,0.0,8.0,0.0,1.0,0.0,0.0,1.0
708,823.0,1.0,38.0,0.0,0.0,0.0,0.0,1.0,0.0,0.0,1.0
709,824.0,3.0,27.0,0.0,1.0,12.0,1.0,0.0,0.0,0.0,1.0
710,825.0,3.0,2.0,4.0,1.0,39.0,0.0,1.0,0.0,0.0,1.0
711,826.0,3.0,29.69911764705882,0.0,0.0,6.0,0.0,1.0,0.0,1.0,0.0
712,827.0,3.0,29.69911764705882,0.0,0.0,56.0,0.0,1.0,0.0,0.0,1.0
713,828.0,2.0,1.0,0.0,2.0,37.0,0.0,1.0,1.0,0.0,0.0
714,829.0,3.0,29.69911764705882,0.0,0.0,7.0,0.0,1.0,0.0,1.0,0.0
715,830.0,1.0,62.0,0.0,0.0,80.0,1.0,0.0,0.0,0.0,1.0
716,831.0,3.0,15.0,1.0,0.0,14.0,1.0,0.0,1.0,0.0,0.0
717,832.0,2.0,0.83,1.0,1.0,18.0,0.0,1.0,0.0,0.0,1.0
718,833.0,3.0,29.69911764705882,0.0,0.0,7.0,0.0,1.0,1.0,0.0,0.0
719,834.0,3.0,23.0,0.0,0.0,7.0,0.0,1.0,0.0,0.0,1.0
720,835.0,3.0,18.0,0.0,0.0,8.0,0.0,1.0,0.0,0.0,1.0
721,836.0,1.0,39.0,1.0,1.0,83.0,1.0,0.0,1.0,0.0,0.0
722,837.0,3.0,21.0,0.0,0.0,8.0,0.0,1.0,0.0,0.0,1.0
723,838.0,3.0,29.69911764705882,0.0,0.0,8.0,0.0,1.0,0.0,0.0,1.0
724,839.0,3.0,32.0,0.0,0.0,56.0,0.0,1.0,0.0,0.0,1.0
725,840.0,1.0,29.69911764705882,0.0,0.0,29.0,0.0,1.0,1.0,0.0,0.0
726,841.0,3.0,20.0,0.0,0.0,7.0,0.0,1.0,0.0,0.0,1.0
727,842.0,2.0,16.0,0.0,0.0,10.0,0.0,1.0,0.0,0.0,1.0
728,843.0,1.0,30.0,0.0,0.0,31.0,1.0,0.0,1.0,0.0,0.0
729,844.0,3.0,34.5,0.0,0.0,6.0,0.0,1.0,1.0,0.0,0.0
730,845.0,3.0,17.0,0.0,0.0,8.0,0.0,1.0,0.0,0.0,1.0
731,846.0,3.0,42.0,0.0,0.0,7.0,0.0,1.0,0.0,0.0,1.0
732,847.0,3.0,29.69911764705882,8.0,2.0,69.0,0.0,1.0,0.0,0.0,1.0
733,848.0,3.0,35.0,0.0,0.0,7.0,0.0,1.0,1.0,0.0,0.0
734,849.0,2.0,28.0,0.0,1.0,33.0,0.0,1.0,0.0,0.0,1.0
735,850.0,1.0,29.69911764705882,1.0,0.0,89.0,1.0,0.0,1.0,0.0,0.0
736,851.0,3.0,4.0,4.0,2.0,31.0,0.0,1.0,0.0,0.0,1.0
737,852.0,3.0,74.0,0.0,0.0,7.0,0.0,1.0,0.0,0.0,1.0
738,853.0,3.0,9.0,1.0,1.0,15.0,1.0,0.0,1.0,0.0,0.0
739,854.0,1.0,16.0,0.0,1.0,39.0,1.0,0.0,0.0,0.0,1.0
740,855.0,2.0,44.0,1.0,0.0,26.0,1.0,0.0,0.0,0.0,1.0
741,856.0,3.0,18.0,0.0,1.0,9.0,1.0,0.0,0.0,0.0,1.0
742,857.0,1.0,45.0,1.0,1.0,164.0,1.0,0.0,0.0,0.0,1.0
743,858.0,1.0,51.0,0.0,0.0,26.0,0.0,1.0,0.0,0.0,1.0
744,859.0,3.0,24.0,0.0,3.0,19.0,1.0,0.0,1.0,0.0,0.0
745,860.0,3.0,29.69911764705882,0.0,0.0,7.0,0.0,1.0,1.0,0.0,0.0
746,861.0,3.0,41.0,2.0,0.0,14.0,0.0,1.0,0.0,0.0,1.0
747,862.0,2.0,21.0,1.0,0.0,11.0,0.0,1.0,0.0,0.0,1.0
748,863.0,1.0,48.0,0.0,0.0,25.0,1.0,0.0,0.0,0.0,1.0
749,864.0,3.0,29.69911764705882,8.0,2.0,69.0,1.0,0.0,0.0,0.0,1.0
750,865.0,2.0,24.0,0.0,0.0,13.0,0.0,1.0,0.0,0.0,1.0
751,866.0,2.0,42.0,0.0,0.0,13.0,1.0,0.0,0.0,0.0,1.0
752,867.0,2.0,27.0,1.0,0.0,13.0,1.0,0.0,1.0,0.0,0.0
753,868.0,1.0,31.0,0.0,0.0,50.0,0.0,1.0,0.0,0.0,1.0
754,869.0,3.0,29.69911764705882,0.0,0.0,9.0,0.0,1.0,0.0,0.0,1.0
755,870.0,3.0,4.0,1.0,1.0,11.0,0.0,1.0,0.0,0.0,1.0
756,871.0,3.0,26.0,0.0,0.0,7.0,0.0,1.0,0.0,0.0,1.0
757,872.0,1.0,47.0,1.0,1.0,52.0,1.0,0.0,0.0,0.0,1.0
758,873.0,1.0,33.0,0.0,0.0,5.0,0.0,1.0,0.0,0.0,1.0
759,874.0,3.0,47.0,0.0,0.0,9.0,0.0,1.0,0.0,0.0,1.0
760,875.0,2.0,28.0,1.0,0.0,24.0,1.0,0.0,1.0,0.0,0.0
761,876.0,3.0,15.0,0.0,0.0,7.0,1.0,0.0,1.0,0.0,0.0
762,877.0,3.0,20.0,0.0,0.0,9.0,0.0,1.0,0.0,0.0,1.0
763,878.0,3.0,19.0,0.0,0.0,7.0,0.0,1.0,0.0,0.0,1.0
764,879.0,3.0,29.69911764705882,0.0,0.0,7.0,0.0,1.0,0.0,0.0,1.0
765,880.0,1.0,56.0,0.0,1.0,83.0,1.0,0.0,1.0,0.0,0.0
766,881.0,2.0,25.0,0.0,1.0,26.0,1.0,0.0,0.0,0.0,1.0
767,882.0,3.0,33.0,0.0,0.0,7.0,0.0,1.0,0.0,0.0,1.0
768,883.0,3.0,22.0,0.0,0.0,10.0,1.0,0.0,0.0,0.0,1.0
769,884.0,2.0,28.0,0.0,0.0,10.0,0.0,1.0,0.0,0.0,1.0
770,885.0,3.0,25.0,0.0,0.0,7.0,0.0,1.0,0.0,0.0,1.0
771,886.0,3.0,39.0,0.0,5.0,29.0,1.0,0.0,0.0,1.0,0.0
772,887.0,2.0,27.0,0.0,0.0,13.0,0.0,1.0,0.0,0.0,1.0
773,888.0,1.0,19.0,0.0,0.0,30.0,1.0,0.0,0.0,0.0,1.0
774,889.0,3.0,29.69911764705882,1.0,2.0,23.0,1.0,0.0,0.0,0.0,1.0
775,890.0,1.0,26.0,0.0,0.0,30.0,0.0,1.0,1.0,0.0,0.0
776,891.0,3.0,32.0,0.0,0.0,7.0,0.0,1.0,0.0,1.0,0.0
777,484.0,3.0,63.0,0.0,0.0,9.0,1.0,0.0,0.0,0.0,1.0
778,485.0,1.0,25.0,1.0,0.0,91.0,0.0,1.0,1.0,0.0,0.0
779,486.0,3.0,29.69911764705882,3.0,1.0,25.0,1.0,0.0,0.0,0.0,1.0
780,487.0,1.0,35.0,1.0,0.0,90.0,1.0,0.0,0.0,0.0,1.0
781,488.0,1.0,58.0,0.0,0.0,29.0,0.0,1.0,1.0,0.0,0.0
782,489.0,3.0,30.0,0.0,0.0,8.0,0.0,1.0,0.0,0.0,1.0
783,490.0,3.0,9.0,1.0,1.0,15.0,0.0,1.0,0.0,0.0,1.0
784,491.0,3.0,29.69911764705882,1.0,0.0,19.0,0.0,1.0,0.0,0.0,1.0
785,492.0,3.0,21.0,0.0,0.0,7.0,0.0,1.0,0.0,0.0,1.0
786,493.0,1.0,55.0,0.0,0.0,30.0,0.0,1.0,0.0,0.0,1.0
787,494.0,1.0,71.0,0.0,0.0,49.0,0.0,1.0,1.0,0.0,0.0
788,495.0,3.0,21.0,0.0,0.0,8.0,0.0,1.0,0.0,0.0,1.0
789,496.0,3.0,29.69911764705882,0.0,0.0,14.0,0.0,1.0,1.0,0.0,0.0
790,497.0,1.0,54.0,1.0,0.0,78.0,1.0,0.0,1.0,0.0,0.0
791,498.0,3.0,29.69911764705882,0.0,0.0,15.0,0.0,1.0,0.0,0.0,1.0
792,499.0,1.0,25.0,1.0,2.0,151.0,1.0,0.0,0.0,0.0,1.0
793,500.0,3.0,24.0,0.0,0.0,7.0,0.0,1.0,0.0,0.0,1.0
794,501.0,3.0,17.0,0.0,0.0,8.0,0.0,1.0,0.0,0.0,1.0
795,502.0,3.0,21.0,0.0,0.0,7.0,1.0,0.0,0.0,1.0,0.0
796,503.0,3.0,29.69911764705882,0.0,0.0,7.0,1.0,0.0,0.0,1.0,0.0
797,504.0,3.0,37.0,0.0,0.0,9.0,1.0,0.0,0.0,0.0,1.0
798,505.0,1.0,16.0,0.0,0.0,86.0,1.0,0.0,0.0,0.0,1.0
799,506.0,1.0,18.0,1.0,0.0,108.0,0.0,1.0,1.0,0.0,0.0
800,507.0,2.0,33.0,0.0,2.0,26.0,1.0,0.0,0.0,0.0,1.0
801,508.0,1.0,29.69911764705882,0.0,0.0,26.0,0.0,1.0,0.0,0.0,1.0
802,509.0,3.0,28.0,0.0,0.0,22.0,0.0,1.0,0.0,0.0,1.0
803,510.0,3.0,26.0,0.0,0.0,56.0,0.0,1.0,0.0,0.0,1.0
804,511.0,3.0,29.0,0.0,0.0,7.0,0.0,1.0,0.0,1.0,0.0
805,512.0,3.0,29.69911764705882,0.0,0.0,8.0,0.0,1.0,0.0,0.0,1.0
806,513.0,1.0,36.0,0.0,0.0,26.0,0.0,1.0,0.0,0.0,1.0
807,514.0,1.0,54.0,1.0,0.0,59.0,1.0,0.0,1.0,0.0,0.0
808,515.0,3.0,24.0,0.0,0.0,7.0,0.0,1.0,0.0,0.0,1.0
809,516.0,1.0,47.0,0.0,0.0,34.0,0.0,1.0,0.0,0.0,1.0
810,517.0,2.0,34.0,0.0,0.0,10.0,1.0,0.0,0.0,0.0,1.0
811,518.0,3.0,29.69911764705882,0.0,0.0,24.0,0.0,1.0,0.0,1.0,0.0
812,519.0,2.0,36.0,1.0,0.0,26.0,1.0,0.0,0.0,0.0,1.0
813,520.0,3.0,32.0,0.0,0.0,7.0,0.0,1.0,0.0,0.0,1.0
814,521.0,1.0,30.0,0.0,0.0,93.0,1.0,0.0,0.0,0.0,1.0
815,522.0,3.0,22.0,0.0,0.0,7.0,0.0,1.0,0.0,0.0,1.0
816,523.0,3.0,29.69911764705882,0.0,0.0,7.0,0.0,1.0,1.0,0.0,0.0
817,524.0,1.0,44.0,0.0,1.0,57.0,1.0,0.0,1.0,0.0,0.0
818,525.0,3.0,29.69911764705882,0.0,0.0,7.0,0.0,1.0,1.0,0.0,0.0
819,526.0,3.0,40.5,0.0,0.0,7.0,0.0,1.0,0.0,1.0,0.0
820,527.0,2.0,50.0,0.0,0.0,10.0,1.0,0.0,0.0,0.0,1.0
821,528.0,1.0,29.69911764705882,0.0,0.0,221.0,0.0,1.0,0.0,0.0,1.0
822,529.0,3.0,39.0,0.0,0.0,7.0,0.0,1.0,0.0,0.0,1.0
823,530.0,2.0,23.0,2.0,1.0,11.0,0.0,1.0,0.0,0.0,1.0
824,531.0,2.0,2.0,1.0,1.0,26.0,1.0,0.0,0.0,0.0,1.0
825,532.0,3.0,29.69911764705882,0.0,0.0,7.0,0.0,1.0,1.0,0.0,0.0
826,533.0,3.0,17.0,1.0,1.0,7.0,0.0,1.0,1.0,0.0,0.0
827,534.0,3.0,29.69911764705882,0.0,2.0,22.0,1.0,0.0,1.0,0.0,0.0
828,535.0,3.0,30.0,0.0,0.0,8.0,1.0,0.0,0.0,0.0,1.0
829,536.0,2.0,7.0,0.0,2.0,26.0,1.0,0.0,0.0,0.0,1.0
830,537.0,1.0,45.0,0.0,0.0,26.0,0.0,1.0,0.0,0.0,1.0
831,538.0,1.0,30.0,0.0,0.0,106.0,1.0,0.0,1.0,0.0,0.0
832,539.0,3.0,29.69911764705882,0.0,0.0,14.0,0.0,1.0,0.0,0.0,1.0
833,540.0,1.0,22.0,0.0,2.0,49.0,1.0,0.0,1.0,0.0,0.0
834,541.0,1.0,36.0,0.0,2.0,71.0,1.0,0.0,0.0,0.0,1.0
835,542.0,3.0,9.0,4.0,2.0,31.0,1.0,0.0,0.0,0.0,1.0
836,543.0,3.0,11.0,4.0,2.0,31.0,1.0,0.0,0.0,0.0,1.0
837,544.0,2.0,32.0,1.0,0.0,26.0,0.0,1.0,0.0,0.0,1.0
838,545.0,1.0,50.0,1.0,0.0,106.0,0.0,1.0,1.0,0.0,0.0
839,546.0,1.0,64.0,0.0,0.0,26.0,0.0,1.0,0.0,0.0,1.0
840,547.0,2.0,19.0,1.0,0.0,26.0,1.0,0.0,0.0,0.0,1.0
841,548.0,2.0,29.69911764705882,0.0,0.0,13.0,0.0,1.0,1.0,0.0,0.0
842,549.0,3.0,33.0,1.0,1.0,20.0,0.0,1.0,0.0,0.0,1.0
843,550.0,2.0,8.0,1.0,1.0,36.0,0.0,1.0,0.0,0.0,1.0
844,551.0,1.0,17.0,0.0,2.0,110.0,0.0,1.0,1.0,0.0,0.0
845,552.0,2.0,27.0,0.0,0.0,26.0,0.0,1.0,0.0,0.0,1.0
846,553.0,3.0,29.69911764705882,0.0,0.0,7.0,0.0,1.0,0.0,1.0,0.0
847,554.0,3.0,22.0,0.0,0.0,7.0,0.0,1.0,1.0,0.0,0.0
848,555.0,3.0,22.0,0.0,0.0,7.0,1.0,0.0,0.0,0.0,1.0
849,556.0,1.0,62.0,0.0,0.0,26.0,0.0,1.0,0.0,0.0,1.0
850,557.0,1.0,48.0,1.0,0.0,39.0,1.0,0.0,1.0,0.0,0.0
851,558.0,1.0,29.69911764705882,0.0,0.0,227.0,0.0,1.0,1.0,0.0,0.0
852,559.0,1.0,39.0,1.0,1.0,79.0,1.0,0.0,0.0,0.0,1.0
853,560.0,3.0,36.0,1.0,0.0,17.0,1.0,0.0,0.0,0.0,1.0
854,561.0,3.0,29.69911764705882,0.0,0.0,7.0,0.0,1.0,0.0,1.0,0.0
855,562.0,3.0,40.0,0.0,0.0,7.0,0.0,1.0,0.0,0.0,1.0
856,563.0,2.0,28.0,0.0,0.0,13.0,0.0,1.0,0.0,0.0,1.0
857,564.0,3.0,29.69911764705882,0.0,0.0,8.0,0.0,1.0,0.0,0.0,1.0
858,565.0,3.0,29.69911764705882,0.0,0.0,8.0,1.0,0.0,0.0,0.0,1.0
859,566.0,3.0,24.0,2.0,0.0,24.0,0.0,1.0,0.0,0.0,1.0
860,567.0,3.0,19.0,0.0,0.0,7.0,0.0,1.0,0.0,0.0,1.0
861,568.0,3.0,29.0,0.0,4.0,21.0,1.0,0.0,0.0,0.0,1.0
862,569.0,3.0,29.69911764705882,0.0,0.0,7.0,0.0,1.0,1.0,0.0,0.0
863,570.0,3.0,32.0,0.0,0.0,7.0,0.0,1.0,0.0,0.0,1.0
864,571.0,2.0,62.0,0.0,0.0,10.0,0.0,1.0,0.0,0.0,1.0
865,572.0,1.0,53.0,2.0,0.0,51.0,1.0,0.0,0.0,0.0,1.0
866,573.0,1.0,36.0,0.0,0.0,26.0,0.0,1.0,0.0,0.0,1.0
867,574.0,3.0,29.69911764705882,0.0,0.0,7.0,1.0,0.0,0.0,1.0,0.0
868,575.0,3.0,16.0,0.0,0.0,8.0,0.0,1.0,0.0,0.0,1.0
869,576.0,3.0,19.0,0.0,0.0,14.0,0.0,1.0,0.0,0.0,1.0
870,577.0,2.0,34.0,0.0,0.0,13.0,1.0,0.0,0.0,0.0,1.0
871,578.0,1.0,39.0,1.0,0.0,55.0,1.0,0.0,0.0,0.0,1.0
872,579.0,3.0,29.69911764705882,1.0,0.0,14.0,1.0,0.0,1.0,0.0,0.0
873,580.0,3.0,32.0,0.0,0.0,7.0,0.0,1.0,0.0,0.0,1.0
874,581.0,2.0,25.0,1.0,1.0,30.0,1.0,0.0,0.0,0.0,1.0
875,582.0,1.0,39.0,1.0,1.0,110.0,1.0,0.0,1.0,0.0,0.0
876,583.0,2.0,54.0,0.0,0.0,26.0,0.0,1.0,0.0,0.0,1.0
877,584.0,1.0,36.0,0.0,0.0,40.0,0.0,1.0,1.0,0.0,0.0
878,585.0,3.0,29.69911764705882,0.0,0.0,8.0,0.0,1.0,1.0,0.0,0.0
879,586.0,1.0,18.0,0.0,2.0,79.0,1.0,0.0,0.0,0.0,1.0
880,587.0,2.0,47.0,0.0,0.0,15.0,0.0,1.0,0.0,0.0,1.0
881,588.0,1.0,60.0,1.0,1.0,79.0,0.0,1.0,1.0,0.0,0.0
882,589.0,3.0,22.0,0.0,0.0,8.0,0.0,1.0,0.0,0.0,1.0
883,590.0,3.0,29.69911764705882,0.0,0.0,8.0,0.0,1.0,0.0,0.0,1.0
884,591.0,3.0,35.0,0.0,0.0,7.0,0.0,1.0,0.0,0.0,1.0
885,592.0,1.0,52.0,1.0,0.0,78.0,1.0,0.0,1.0,0.0,0.0
886,593.0,3.0,47.0,0.0,0.0,7.0,0.0,1.0,0.0,0.0,1.0
887,594.0,3.0,29.69911764705882,0.0,2.0,7.0,1.0,0.0,0.0,1.0,0.0
888,595.0,2.0,37.0,1.0,0.0,26.0,0.0,1.0,0.0,0.0,1.0
889,596.0,3.0,36.0,1.0,1.0,24.0,0.0,1.0,0.0,0.0,1.0
890,597.0,2.0,29.69911764705882,0.0,0.0,33.0,1.0,0.0,0.0,0.0,1.0
